[
  {
    "timestamp": "22:51:03",
    "cpu_usage": 0.0,
    "memory_usage": 65.6,
    "disk_usage": 3.0,
    "cpu_temp": 44.7
  },
  {
    "timestamp": "22:51:04",
    "cpu_usage": 13.8,
    "memory_usage": 65.8,
    "disk_usage": 3.0,
    "cpu_temp": 52.1
  },
  {
    "timestamp": "22:51:05",
    "cpu_usage": 11.2,
    "memory_usage": 65.7,
    "disk_usage": 3.0,
    "cpu_temp": 49.9
  },
  {
    "timestamp": "22:51:06",
    "cpu_usage": 9.5,
    "memory_usage": 65.6,
    "disk_usage": 3.0,
    "cpu_temp": 49.1
  },
  {
    "timestamp": "22:51:07",
    "cpu_usage": 6.5,
    "memory_usage": 65.6,
    "disk_usage": 3.0,
    "cpu_temp": 49.5
  },
  {
    "timestamp": "22:51:08",
    "cpu_usage": 2.1,
    "memory_usage": 65.1,
    "disk_usage": 3.0,
    "cpu_temp": 46.8
  },
  {
    "timestamp": "22:51:09",
    "cpu_usage": 1.6,
    "memory_usage": 64.9,
    "disk_usage": 3.0,
    "cpu_temp": 44.9
  },
  {
    "timestamp": "22:51:10",
    "cpu_usage": 1.5,
    "memory_usage": 64.9,
    "disk_usage": 3.0,
    "cpu_temp": 44.1
  },
  {
    "timestamp": "22:51:11",
    "cpu_usage": 1.5,
    "memory_usage": 64.8,
    "disk_usage": 3.0,
    "cpu_temp": 47.6
  },
  {
    "timestamp": "22:51:12",
    "cpu_usage": 9.6,
    "memory_usage": 65.7,
    "disk_usage": 3.0,
    "cpu_temp": 48.9
  },
  {
    "timestamp": "22:51:13",
    "cpu_usage": 14.5,
    "memory_usage": 65.6,
    "disk_usage": 3.0,
    "cpu_temp": 49.4
  },
  {
    "timestamp": "22:51:14",
    "cpu_usage": 5.5,
    "memory_usage": 65.6,
    "disk_usage": 3.0,
    "cpu_temp": 45.7
  },
  {
    "timestamp": "22:51:15",
    "cpu_usage": 14.5,
    "memory_usage": 65.6,
    "disk_usage": 3.0,
    "cpu_temp": 49.4
  },
  {
    "timestamp": "22:51:17",
    "cpu_usage": 19.6,
    "memory_usage": 65.6,
    "disk_usage": 3.0,
    "cpu_temp": 53.0
  },
  {
    "timestamp": "22:51:18",
    "cpu_usage": 9.7,
    "memory_usage": 65.6,
    "disk_usage": 3.0,
    "cpu_temp": 49.6
  },
  {
    "timestamp": "22:51:19",
    "cpu_usage": 31.0,
    "memory_usage": 65.7,
    "disk_usage": 3.0,
    "cpu_temp": 55.9
  },
  {
    "timestamp": "22:51:20",
    "cpu_usage": 6.1,
    "memory_usage": 65.7,
    "disk_usage": 3.0,
    "cpu_temp": 46.3
  },
  {
    "timestamp": "22:51:21",
    "cpu_usage": 11.6,
    "memory_usage": 65.8,
    "disk_usage": 3.0,
    "cpu_temp": 51.4
  },
  {
    "timestamp": "22:51:22",
    "cpu_usage": 7.9,
    "memory_usage": 65.8,
    "disk_usage": 3.0,
    "cpu_temp": 50.0
  },
  {
    "timestamp": "22:51:23",
    "cpu_usage": 12.8,
    "memory_usage": 65.9,
    "disk_usage": 3.0,
    "cpu_temp": 48.5
  },
  {
    "timestamp": "22:51:24",
    "cpu_usage": 10.5,
    "memory_usage": 65.9,
    "disk_usage": 3.0,
    "cpu_temp": 50.5
  },
  {
    "timestamp": "22:51:25",
    "cpu_usage": 9.5,
    "memory_usage": 65.7,
    "disk_usage": 3.0,
    "cpu_temp": 49.7
  },
  {
    "timestamp": "22:51:26",
    "cpu_usage": 5.5,
    "memory_usage": 65.7,
    "disk_usage": 3.0,
    "cpu_temp": 48.0
  },
  {
    "timestamp": "22:51:27",
    "cpu_usage": 21.2,
    "memory_usage": 66.2,
    "disk_usage": 3.0,
    "cpu_temp": 52.0
  },
  {
    "timestamp": "22:51:28",
    "cpu_usage": 10.8,
    "memory_usage": 66.2,
    "disk_usage": 3.0,
    "cpu_temp": 48.5
  },
  {
    "timestamp": "22:51:29",
    "cpu_usage": 13.6,
    "memory_usage": 66.1,
    "disk_usage": 3.0,
    "cpu_temp": 50.4
  },
  {
    "timestamp": "22:51:30",
    "cpu_usage": 5.3,
    "memory_usage": 66.1,
    "disk_usage": 3.0,
    "cpu_temp": 47.9
  },
  {
    "timestamp": "22:51:31",
    "cpu_usage": 3.4,
    "memory_usage": 66.0,
    "disk_usage": 3.0,
    "cpu_temp": 47.5
  },
  {
    "timestamp": "22:51:32",
    "cpu_usage": 2.1,
    "memory_usage": 65.8,
    "disk_usage": 3.0,
    "cpu_temp": 46.4
  },
  {
    "timestamp": "22:51:33",
    "cpu_usage": 4.3,
    "memory_usage": 65.8,
    "disk_usage": 3.0,
    "cpu_temp": 47.1
  }
]